bucket,vertex,k,communities,answer_edges,indexed_ms,indexfree_ms,speedup
p0_10,22901,5,1,595,0.005167,1.532417,296.58
p0_10,11241,5,1,3600,0.058791,7.749792,131.82
p0_10,24330,5,0,0,0.004125,0.004000,0.97
p0_10,22177,5,4,3617,0.108084,7.984709,73.88
p0_10,5621,5,1,3600,0.187083,7.784583,41.61
p0_10,339,5,3,3602,0.059625,7.531833,126.32
p0_10,15148,5,1,595,0.005166,1.679125,325.03
p0_10,3820,5,1,595,0.004083,1.428833,349.95
p0_10,22903,5,1,102,0.004583,0.120583,26.31
p0_10,22887,5,1,3600,0.889209,7.879959,8.86
p0_10,18894,5,2,3601,0.083042,7.755291,93.39
p0_10,6868,5,1,595,0.005083,1.648000,324.22
p0_10,24559,5,4,3603,0.074417,8.190458,110.06
p0_10,26039,5,1,595,0.005334,1.553708,291.28
p0_10,5412,5,1,210,0.007458,0.345209,46.29
p0_10,7712,5,1,3600,0.056625,7.794583,137.65
p0_10,12781,5,1,3600,0.055167,8.599000,155.87
p0_10,4575,5,2,90,0.011958,0.136041,11.38
p0_10,13482,5,1,595,0.004041,2.117250,523.94
p0_10,2072,5,0,0,0.002125,0.002375,1.12
p0_10,3909,5,3,3602,0.060500,7.871709,130.11
p0_10,20534,5,1,3600,0.077959,7.626542,97.83
p0_10,23514,5,1,210,0.001208,0.358208,296.53
p0_10,17580,5,1,285,0.017083,0.491750,28.79
p0_10,18778,5,1,3600,0.051500,8.013959,155.61
p0_10,11015,5,1,3600,0.046666,7.535667,161.48
p0_10,615,5,2,19,0.004167,0.018542,4.45
p0_10,18122,5,0,0,0.000834,0.002292,2.75
p0_10,12627,5,1,65,0.002917,0.056167,19.26
p0_10,6708,5,1,105,0.004875,0.111375,22.85
p0_10,22691,5,1,3600,0.095000,7.819083,82.31
p0_10,25271,5,3,3602,0.060500,7.772416,128.47
p0_10,12491,5,2,144,0.016083,0.126916,7.89
p0_10,18453,5,1,3600,0.052959,8.146334,153.82
p0_10,19216,5,1,3600,0.055375,7.796292,140.79
p0_10,18952,5,1,285,0.007292,0.478958,65.68
p0_10,22527,5,1,3600,0.052083,7.608083,146.08
p0_10,8254,5,0,0,0.002167,0.001750,0.81
p0_10,22601,5,2,363,0.008000,0.569917,71.24
p0_10,18000,5,1,595,0.008250,1.582084,191.77
p0_10,832,5,1,120,0.005833,0.150792,25.85
p0_10,19640,5,2,3601,0.139791,7.645041,54.69
p0_10,88,5,1,3600,0.056625,8.026041,141.74
p0_10,20562,5,1,3600,0.052083,7.679458,147.45
p0_10,5065,5,1,285,0.004833,0.473375,97.95
p0_10,4513,5,1,3600,0.050625,7.720041,152.49
p0_10,1563,5,1,285,0.003791,0.476709,125.75
p0_10,23836,5,0,0,0.002792,0.001667,0.60
p0_10,1217,5,2,144,0.007791,0.120000,15.40
p0_10,8261,5,1,3600,0.050042,7.601542,151.90
p0_10,9313,5,1,3600,0.050166,8.051125,160.49
p0_10,12587,5,0,0,0.003209,0.001625,0.51
p0_10,45,5,1,3600,0.071208,7.598375,106.71
p0_10,12927,5,0,0,0.004958,0.003167,0.64
p0_10,23452,5,1,3600,0.080042,8.024000,100.25
p0_10,20780,5,1,210,0.003917,0.353667,90.29
p0_10,14766,5,1,3600,0.055250,7.998125,144.76
p0_10,3814,5,1,276,0.002833,0.542542,191.51
p0_10,12851,5,1,3600,0.077584,7.991792,103.01
p0_10,24696,5,4,29,0.006125,0.026541,4.33
p0_10,5052,5,2,3601,0.060375,8.193833,135.72
p0_10,18940,5,3,93,0.011666,0.095000,8.14
p0_10,185,5,1,153,0.001625,0.215250,132.46
p0_10,17385,5,1,102,0.003417,0.108417,31.73
p0_10,10243,5,2,3601,0.059750,8.521833,142.62
p0_10,2287,5,1,3600,0.062750,7.831209,124.80
p0_10,2457,5,1,285,0.006583,0.474583,72.09
p0_10,16469,5,1,3600,0.052375,8.255167,157.62
p0_10,9433,5,1,595,0.003458,1.573542,455.04
p0_10,21994,5,0,0,0.002417,0.003209,1.33
p0_10,2952,5,1,3600,0.054667,7.776375,142.25
p0_10,3372,5,1,3600,0.050708,7.730208,152.45
p0_10,8280,5,1,153,0.000792,0.205667,259.68
p0_10,24474,5,1,595,0.003917,1.545958,394.68
p0_10,4703,5,1,120,0.001000,0.139916,139.92
p0_10,23382,5,2,3620,0.055500,7.540917,135.87
p0_10,17911,5,0,0,0.002875,0.001458,0.51
p0_10,26038,5,0,0,0.001958,0.001042,0.53
p0_10,15144,5,0,0,0.001875,0.001167,0.62
p0_10,5953,5,1,3600,0.049042,7.728541,157.59
p0_10,46,5,1,3600,0.052042,7.455584,143.26
p0_10,1151,5,1,102,0.003791,0.106833,28.18
p0_10,4068,5,1,3600,0.048792,7.541042,154.55
p0_10,15108,5,0,0,0.001958,0.002291,1.17
p0_10,1074,5,1,153,0.003208,0.204416,63.72
p0_10,20774,5,1,3600,0.051166,7.653791,149.59
p0_10,2774,5,1,276,0.003917,0.463917,118.44
p0_10,1293,5,1,595,0.004500,1.567625,348.36
p0_10,3534,5,1,285,0.005250,0.480125,91.45
p0_10,18208,5,2,3601,0.053083,7.817500,147.27
p0_10,17819,5,1,595,0.003208,1.521667,474.34
p0_10,13714,5,1,3600,0.052291,7.511375,143.65
p0_10,9639,5,1,3600,0.064125,7.249792,113.06
p0_10,11964,5,1,3600,0.049209,7.696000,156.39
p0_10,17038,5,0,0,0.001375,0.001166,0.85
p0_10,3113,5,1,23,0.003916,0.015500,3.96
p0_10,4511,5,1,3600,0.049125,7.737000,157.50
p0_10,8768,5,3,3602,0.051583,7.582000,146.99
p0_10,492,5,1,105,0.001375,0.111083,80.79
p0_10,3283,5,1,595,0.004083,1.590750,389.60
p10_20,12266,5,1,44,0.002500,0.040875,16.35
p10_20,14181,5,3,214,0.012792,0.179458,14.03
p10_20,3193,5,0,0,0.000833,0.001208,1.45
p10_20,14707,5,0,0,0.000667,0.002375,3.56
p10_20,17828,5,1,3600,0.050584,7.759334,153.40
p10_20,2949,5,4,3605,0.054208,8.109500,149.60
p10_20,3872,5,0,0,0.001125,0.001708,1.52
p10_20,1493,5,1,42,0.002500,0.032750,13.10
p10_20,5407,5,1,3600,0.049167,7.871125,160.09
p10_20,13955,5,2,3601,0.052334,7.910375,151.15
p10_20,1997,5,1,3600,0.052083,7.778542,149.35
p10_20,19517,5,0,0,0.000875,0.001750,2.00
p10_20,17414,5,0,0,0.001125,0.002417,2.15
p10_20,14534,5,0,0,0.001666,0.001500,0.90
p10_20,22144,5,0,0,0.001333,0.002708,2.03
p10_20,1727,5,0,0,0.001542,0.000750,0.49
p10_20,5162,5,1,42,0.001000,0.037667,37.67
p10_20,21646,5,2,35,0.005209,0.035292,6.78
p10_20,25607,5,0,0,0.000791,0.002667,3.37
p10_20,11379,5,0,0,0.000750,0.001000,1.33
p10_20,12406,5,0,0,0.000750,0.001000,1.33
p10_20,9937,5,1,3600,0.048459,7.818208,161.34
p10_20,4422,5,1,14,0.001917,0.014834,7.74
p10_20,12884,5,0,0,0.000708,0.001041,1.47
p10_20,23770,5,3,3602,0.055416,8.051959,145.30
p10_20,26127,5,0,0,0.002292,0.000500,0.22
p10_20,1941,5,1,3600,0.053167,7.885500,148.32
p10_20,3466,5,0,0,0.001041,0.001791,1.72
p10_20,10590,5,0,0,0.000750,0.000709,0.95
p10_20,8851,5,0,0,0.001500,0.001334,0.89
p10_20,5172,5,0,0,0.000875,0.001125,1.29
p10_20,8375,5,1,3600,0.050708,7.711750,152.08
p10_20,3006,5,1,3600,0.048375,7.747625,160.16
p10_20,13859,5,0,0,0.001584,0.001167,0.74
p10_20,20595,5,3,3703,0.092333,8.023000,86.89
p10_20,17612,5,0,0,0.001292,0.001208,0.93
p10_20,4896,5,0,0,0.001666,0.000875,0.53
p10_20,13966,5,0,0,0.000791,0.001166,1.47
p10_20,23649,5,1,3600,0.057500,7.754791,134.87
p10_20,1667,5,2,3601,0.071542,7.678958,107.33
p10_20,934,5,1,3600,0.058542,7.673083,131.07
p10_20,23577,5,1,3600,0.053750,7.509167,139.71
p10_20,24097,5,0,0,0.001292,0.001208,0.93
p10_20,19657,5,0,0,0.000875,0.000750,0.86
p10_20,22758,5,2,3601,0.053459,7.773416,145.41
p10_20,8072,5,1,3600,0.053917,7.682167,142.48
p10_20,14351,5,0,0,0.002375,0.001459,0.61
p10_20,12553,5,1,3600,0.051917,7.717792,148.66
p10_20,21754,5,2,3601,0.053375,7.550333,141.46
p10_20,14667,5,1,15,0.001917,0.018042,9.41
p10_20,10113,5,0,0,0.000625,0.001125,1.80
p10_20,24845,5,1,20,0.003417,0.013750,4.02
p10_20,1310,5,0,0,0.000917,0.001042,1.14
p10_20,10039,5,0,0,0.001417,0.000791,0.56
p10_20,1854,5,0,0,0.000916,0.000541,0.59
p10_20,11318,5,0,0,0.001708,0.001083,0.63
p10_20,18751,5,0,0,0.001167,0.000625,0.54
p10_20,6724,5,0,0,0.000833,0.000750,0.90
p10_20,1116,5,3,17,0.002042,0.012917,6.33
p10_20,24412,5,0,0,0.001166,0.000958,0.82
p10_20,10496,5,0,0,0.000292,0.000583,2.00
p10_20,22778,5,1,3600,0.060458,7.763583,128.41
p10_20,22242,5,1,143,0.007833,0.125000,15.96
p10_20,1234,5,2,3601,0.058417,7.868167,134.69
p10_20,7926,5,0,0,0.000583,0.002584,4.43
p10_20,16881,5,1,3600,0.052625,7.644416,145.26
p10_20,3922,5,3,3616,0.065375,8.072666,123.48
p10_20,18517,5,2,3601,0.057542,7.829584,136.07
p10_20,2661,5,1,20,0.001750,0.016708,9.55
p10_20,24753,5,3,16,0.005208,0.012500,2.40
p10_20,1620,5,0,0,0.001000,0.001166,1.17
p10_20,11609,5,0,0,0.000334,0.000917,2.75
p10_20,2556,5,0,0,0.001834,0.001250,0.68
p10_20,7245,5,0,0,0.001125,0.001250,1.11
p10_20,10268,5,0,0,0.001708,0.001000,0.59
p10_20,14149,5,0,0,0.001125,0.000917,0.82
p10_20,5287,5,0,0,0.001750,0.001333,0.76
p10_20,16347,5,0,0,0.001208,0.000875,0.72
p10_20,2797,5,0,0,0.002542,0.000834,0.33
p10_20,15846,5,1,3600,0.050083,7.670208,153.15
p10_20,10726,5,0,0,0.005667,0.001625,0.29
p10_20,9037,5,0,0,0.001292,0.001167,0.90
p10_20,2368,5,0,0,0.001042,0.001250,1.20
p10_20,10942,5,2,3601,0.072708,7.647250,105.18
p10_20,4351,5,0,0,0.002000,0.001125,0.56
p10_20,22876,5,0,0,0.001791,0.001000,0.56
p10_20,8312,5,1,23,0.002750,0.015458,5.62
p10_20,11591,5,1,21,0.002292,0.016000,6.98
p10_20,6442,5,1,143,0.008625,0.115375,13.38
p10_20,13060,5,1,3600,0.060417,7.812667,129.31
p10_20,15235,5,2,3601,0.059583,7.830125,131.42
p10_20,15784,5,1,3600,0.057375,7.536584,131.36
p10_20,14337,5,0,0,0.001459,0.001625,1.11
p10_20,135,5,0,0,0.000458,0.000792,1.73
p10_20,1765,5,0,0,0.000917,0.000750,0.82
p10_20,9360,5,3,78,0.006500,0.064834,9.97
p10_20,2620,5,2,3743,0.066500,7.770959,116.86
p10_20,23233,5,1,143,0.003084,0.113708,36.87
p10_20,122,5,0,0,0.001750,0.001167,0.67
p10_20,19808,5,1,3600,0.062875,7.634083,121.42
p20_30,7311,5,1,21,0.002583,0.018209,7.05
p20_30,6183,5,0,0,0.000917,0.001375,1.50
p20_30,8224,5,1,3600,0.060041,7.995166,133.16
p20_30,11746,5,0,0,0.001458,0.001333,0.91
p20_30,1817,5,0,0,0.001000,0.000833,0.83
p20_30,16747,5,0,0,0.000708,0.000666,0.94
p20_30,16039,5,0,0,0.000917,0.000833,0.91
p20_30,3204,5,1,15,0.001583,0.011209,7.08
p20_30,4713,5,1,15,0.000792,0.011292,14.26
p20_30,93,5,0,0,0.000667,0.000875,1.31
p20_30,17583,5,1,30,0.004125,0.026083,6.32
p20_30,22184,5,0,0,0.001125,0.001292,1.15
p20_30,17746,5,0,0,0.000750,0.000625,0.83
p20_30,12141,5,0,0,0.000875,0.000833,0.95
p20_30,23186,5,0,0,0.000667,0.000625,0.94
p20_30,15559,5,0,0,0.000667,0.000750,1.12
p20_30,18771,5,0,0,0.000542,0.000958,1.77
p20_30,19562,5,1,3600,0.061250,7.802542,127.39
p20_30,5156,5,0,0,0.001042,0.000875,0.84
p20_30,17968,5,0,0,0.000750,0.000500,0.67
p20_30,9207,5,1,14,0.003125,0.009208,2.95
p20_30,18286,5,0,0,0.000625,0.000666,1.07
p20_30,18299,5,0,0,0.000666,0.000917,1.38
p20_30,6543,5,1,15,0.002125,0.011084,5.22
p20_30,21100,5,0,0,0.000875,0.000667,0.76
p20_30,6824,5,1,15,0.000625,0.008042,12.87
p20_30,22837,5,1,3600,0.050000,7.516084,150.32
p20_30,23383,5,1,28,0.004958,0.019833,4.00
p20_30,2182,5,0,0,0.001250,0.000916,0.73
p20_30,17443,5,0,0,0.000625,0.000875,1.40
p20_30,17688,5,0,0,0.000292,0.000667,2.28
p20_30,22147,5,0,0,0.000542,0.000750,1.38
p20_30,25783,5,0,0,0.000625,0.000666,1.07
p20_30,5541,5,0,0,0.000667,0.001000,1.50
p20_30,20940,5,0,0,0.000833,0.000417,0.50
p20_30,12032,5,0,0,0.000583,0.000583,1.00
p20_30,25937,5,1,15,0.001334,0.009875,7.40
p20_30,14709,5,1,3600,0.077792,7.741916,99.52
p20_30,2193,5,1,143,0.004041,0.115833,28.66
p20_30,14638,5,0,0,0.000833,0.000500,0.60
p20_30,21466,5,0,0,0.000792,0.000833,1.05
p20_30,6465,5,0,0,0.000583,0.000833,1.43
p20_30,5116,5,0,0,0.000583,0.000625,1.07
p20_30,3099,5,0,0,0.000416,0.000583,1.40
p20_30,1674,5,0,0,0.000708,0.000458,0.65
p20_30,4195,5,0,0,0.000709,0.000333,0.47
p20_30,7625,5,0,0,0.001084,0.000875,0.81
p20_30,12806,5,3,3604,0.067333,7.722917,114.70
p20_30,2490,5,0,0,0.000708,0.000542,0.77
p20_30,1840,5,1,15,0.000625,0.010375,16.60
p20_30,11053,5,1,3600,0.057292,7.811458,136.34
p20_30,15571,5,0,0,0.000458,0.001542,3.37
p20_30,13205,5,0,0,0.000500,0.000875,1.75
p20_30,20014,5,0,0,0.000625,0.000792,1.27
p20_30,16415,5,1,21,0.000958,0.014583,15.22
p20_30,22321,5,1,28,0.000417,0.021208,50.86
p20_30,4825,5,0,0,0.000750,0.001333,1.78
p20_30,3228,5,0,0,0.000708,0.000833,1.18
p20_30,17681,5,1,143,0.004125,0.119167,28.89
p20_30,9439,5,0,0,0.000667,0.000584,0.88
p20_30,13712,5,1,28,0.000542,0.013084,24.14
p20_30,24713,5,0,0,0.000750,0.000750,1.00
p20_30,22318,5,1,21,0.000750,0.016750,22.33
p20_30,3593,5,0,0,0.001042,0.000625,0.60
p20_30,13333,5,1,65,0.001750,0.052208,29.83
p20_30,3066,5,0,0,0.000750,0.000833,1.11
p20_30,12551,5,1,21,0.001875,0.012250,6.53
p20_30,18621,5,1,21,0.000500,0.011167,22.33
p20_30,4125,5,0,0,0.000375,0.000667,1.78
p20_30,896,5,0,0,0.000250,0.000625,2.50
p20_30,17472,5,1,28,0.000875,0.018917,21.62
p20_30,14153,5,1,42,0.001542,0.030375,19.70
p20_30,17764,5,0,0,0.000416,0.005334,12.82
p20_30,15582,5,1,28,0.000333,0.012959,38.92
p20_30,11141,5,0,0,0.000584,0.000750,1.28
p20_30,8669,5,1,21,0.000459,0.014208,30.95
p20_30,12492,5,1,15,0.000333,0.008041,24.15
p20_30,19954,5,1,3600,0.055125,7.822042,141.90
p20_30,4371,5,0,0,0.001458,0.001209,0.83
p20_30,6172,5,0,0,0.000375,0.001000,2.67
p20_30,2452,5,1,42,0.003875,0.032583,8.41
p20_30,17187,5,2,3601,0.053291,7.673750,144.00
p20_30,2303,5,0,0,0.000250,0.001583,6.33
p20_30,15516,5,0,0,0.000417,0.001500,3.60
p20_30,23986,5,0,0,0.000500,0.001459,2.92
p20_30,4697,5,0,0,0.000250,0.000625,2.50
p20_30,23394,5,0,0,0.000375,0.000750,2.00
p20_30,23628,5,1,3600,0.036458,7.706709,211.39
p20_30,17285,5,0,0,0.000500,0.000291,0.58
p20_30,4771,5,1,15,0.000625,0.009583,15.33
p20_30,8063,5,0,0,0.000333,0.000583,1.75
p20_30,10376,5,0,0,0.000250,0.001000,4.00
p20_30,8680,5,0,0,0.000167,0.000459,2.75
p20_30,13558,5,1,21,0.000417,0.016167,38.77
p20_30,1090,5,0,0,0.000334,0.000375,1.12
p20_30,20116,5,1,3600,0.036709,7.910541,215.49
p20_30,20182,5,0,0,0.000959,0.002750,2.87
p20_30,16123,5,0,0,0.000459,0.000667,1.45
p20_30,15163,5,1,21,0.000792,0.015333,19.36
p20_30,10555,5,1,21,0.001416,0.015417,10.89
p30_40,18600,5,0,0,0.000375,0.000625,1.67
p30_40,18102,5,0,0,0.000291,0.000584,2.01
p30_40,20243,5,0,0,0.000500,0.000625,1.25
p30_40,23506,5,0,0,0.000709,0.000584,0.82
p30_40,573,5,0,0,0.000333,0.000500,1.50
p30_40,24398,5,0,0,0.000291,0.000541,1.86
p30_40,17683,5,0,0,0.000375,0.000708,1.89
p30_40,15159,5,0,0,0.000334,0.000459,1.37
p30_40,1404,5,0,0,0.000291,0.000625,2.15
p30_40,9127,5,0,0,0.000167,0.000458,2.74
p30_40,5960,5,0,0,0.000250,0.000625,2.50
p30_40,5825,5,0,0,0.000417,0.000542,1.30
p30_40,19527,5,0,0,0.000416,0.000458,1.10
p30_40,25419,5,1,3600,0.034208,7.749125,226.53
p30_40,7265,5,0,0,0.000209,0.002209,10.57
p30_40,192,5,0,0,0.000459,0.000583,1.27
p30_40,3076,5,0,0,0.000209,0.000542,2.59
p30_40,8195,5,0,0,0.000292,0.000208,0.71
p30_40,2200,5,0,0,0.000291,0.000542,1.86
p30_40,19144,5,0,0,0.000166,0.000500,3.01
p30_40,20002,5,0,0,0.000209,0.000416,1.99
p30_40,22028,5,0,0,0.000375,0.000500,1.33
p30_40,7829,5,0,0,0.000500,0.000542,1.08
p30_40,17750,5,0,0,0.000458,0.000625,1.36
p30_40,18970,5,0,0,0.000250,0.000291,1.16
p30_40,18739,5,0,0,0.000166,0.000500,3.01
p30_40,10819,5,0,0,0.000166,0.000625,3.77
p30_40,23084,5,0,0,0.000500,0.000667,1.33
p30_40,20383,5,0,0,0.000166,0.000584,3.52
p30_40,14007,5,0,0,0.000375,0.000667,1.78
p30_40,10549,5,0,0,0.000167,0.000333,1.99
p30_40,18373,5,0,0,0.000208,0.000500,2.40
p30_40,19314,5,1,15,0.000500,0.009541,19.08
p30_40,22899,5,0,0,0.000208,0.000875,4.21
p30_40,20033,5,0,0,0.000292,0.000750,2.57
p30_40,16598,5,0,0,0.000375,0.000750,2.00
p30_40,18612,5,0,0,0.000208,0.000417,2.00
p30_40,1914,5,0,0,0.000167,0.000459,2.75
p30_40,24,5,0,0,0.000333,0.000500,1.50
p30_40,6808,5,0,0,0.000166,0.000583,3.51
p30_40,8857,5,0,0,0.000291,0.000417,1.43
p30_40,8801,5,0,0,0.000375,0.000333,0.89
p30_40,1353,5,0,0,0.000291,0.000417,1.43
p30_40,18983,5,0,0,0.000250,0.000625,2.50
p30_40,6506,5,0,0,0.000333,0.000583,1.75
p30_40,19603,5,0,0,0.000125,0.000583,4.66
p30_40,21324,5,0,0,0.000333,0.000750,2.25
p30_40,26193,5,0,0,0.000292,0.000584,2.00
p30_40,22618,5,0,0,0.000167,0.000542,3.25
p30_40,19012,5,1,41,0.001084,0.029875,27.56
p30_40,6094,5,0,0,0.000250,0.000584,2.34
p30_40,2611,5,0,0,0.000167,0.000334,2.00
p30_40,17280,5,0,0,0.000333,0.000458,1.38
p30_40,19974,5,0,0,0.000334,0.000458,1.37
p30_40,8079,5,0,0,0.000166,0.000542,3.27
p30_40,3595,5,0,0,0.000125,0.000292,2.34
p30_40,22466,5,0,0,0.000125,0.000458,3.66
p30_40,15353,5,0,0,0.000416,0.000625,1.50
p30_40,16280,5,0,0,0.000208,0.000584,2.81
p30_40,19932,5,0,0,0.000167,0.000458,2.74
p30_40,11047,5,0,0,0.000584,0.000458,0.78
p30_40,14374,5,0,0,0.000125,0.000625,5.00
p30_40,16041,5,0,0,0.000166,0.001667,10.04
p30_40,8864,5,0,0,0.000125,0.000292,2.34
p30_40,26019,5,1,15,0.000375,0.006500,17.33
p30_40,364,5,0,0,0.000458,0.000375,0.82
p30_40,3953,5,0,0,0.000333,0.000625,1.88
p30_40,22966,5,0,0,0.000166,0.000500,3.01
p30_40,21162,5,0,0,0.000416,0.000708,1.70
p30_40,11537,5,0,0,0.000709,0.000542,0.76
p30_40,16498,5,0,0,0.000291,0.000500,1.72
p30_40,10550,5,0,0,0.000125,0.000291,2.33
p30_40,21344,5,0,0,0.000333,0.000833,2.50
p30_40,16568,5,0,0,0.000292,0.000500,1.71
p30_40,4288,5,0,0,0.000167,0.000542,3.25
p30_40,19387,5,0,0,0.000291,0.000416,1.43
p30_40,21583,5,0,0,0.000209,0.000542,2.59
p30_40,11662,5,0,0,0.000167,0.000500,2.99
p30_40,8705,5,0,0,0.000125,0.000500,4.00
p30_40,9341,5,0,0,0.000167,0.000375,2.25
p30_40,18648,5,0,0,0.000375,0.000541,1.44
p30_40,10153,5,0,0,0.000166,0.000459,2.77
p30_40,26048,5,1,15,0.000416,0.004542,10.92
p30_40,19150,5,0,0,0.000167,0.000459,2.75
p30_40,9643,5,0,0,0.000333,0.000583,1.75
p30_40,22108,5,0,0,0.000208,0.000375,1.80
p30_40,18613,5,0,0,0.000125,0.000500,4.00
p30_40,238,5,0,0,0.000291,0.000583,2.00
p30_40,21723,5,0,0,0.000417,0.000583,1.40
p30_40,11967,5,0,0,0.000333,0.000417,1.25
p30_40,21495,5,0,0,0.000458,0.000541,1.18
p30_40,14983,5,0,0,0.000125,0.000500,4.00
p30_40,1908,5,0,0,0.000333,0.000292,0.88
p30_40,6558,5,0,0,0.000250,0.000500,2.00
p30_40,24101,5,0,0,0.000292,0.000834,2.86
p30_40,11328,5,0,0,0.000417,0.000375,0.90
p30_40,2190,5,0,0,0.000167,0.000542,3.25
p30_40,19351,5,0,0,0.000166,0.000250,1.51
p30_40,20902,5,0,0,0.000209,0.000541,2.59
p30_40,19964,5,0,0,0.000209,0.000375,1.79
p40_50,1254,5,0,0,0.000292,0.000334,1.14
p40_50,12688,5,0,0,0.000209,0.000250,1.20
p40_50,8876,5,0,0,0.000667,0.000208,0.31
p40_50,6858,5,0,0,0.000291,0.000375,1.29
p40_50,4988,5,0,0,0.000291,0.000375,1.29
p40_50,8732,5,0,0,0.000167,0.000375,2.25
p40_50,6095,5,0,0,0.000250,0.000375,1.50
p40_50,6911,5,0,0,0.000125,0.000500,4.00
p40_50,12065,5,0,0,0.000166,0.000666,4.01
p40_50,2922,5,0,0,0.000208,0.000333,1.60
p40_50,8305,5,0,0,0.000167,0.000292,1.75
p40_50,14691,5,0,0,0.000167,0.000458,2.74
p40_50,16726,5,0,0,0.000167,0.000291,1.74
p40_50,15123,5,0,0,0.000375,0.000334,0.89
p40_50,11495,5,0,0,0.000250,0.000250,1.00
p40_50,15175,5,0,0,0.000250,0.000541,2.16
p40_50,25304,5,0,0,0.000250,0.000542,2.17
p40_50,23513,5,0,0,0.000167,0.000459,2.75
p40_50,5659,5,0,0,0.000209,0.000292,1.40
p40_50,8595,5,0,0,0.000125,0.000291,2.33
p40_50,7584,5,0,0,0.000333,0.000375,1.13
p40_50,25957,5,0,0,0.000625,0.000459,0.73
p40_50,16213,5,0,0,0.000167,0.000459,2.75
p40_50,7024,5,0,0,0.000292,0.000500,1.71
p40_50,2215,5,0,0,0.000166,0.000208,1.25
p40_50,6648,5,0,0,0.000125,0.000458,3.66
p40_50,2982,5,0,0,0.000125,0.000250,2.00
p40_50,782,5,0,0,0.000291,0.000458,1.57
p40_50,15160,5,0,0,0.000125,0.000416,3.33
p40_50,4081,5,0,0,0.000333,0.000292,0.88
p40_50,13625,5,0,0,0.000125,0.000750,6.00
p40_50,25159,5,0,0,0.000125,0.000459,3.67
p40_50,13615,5,0,0,0.000125,0.000375,3.00
p40_50,2566,5,0,0,0.000250,0.000458,1.83
p40_50,4319,5,0,0,0.000250,0.000333,1.33
p40_50,3291,5,0,0,0.000250,0.000500,2.00
p40_50,1150,5,0,0,0.000167,0.000292,1.75
p40_50,5469,5,0,0,0.000166,0.000458,2.76
p40_50,12637,5,0,0,0.000333,0.000333,1.00
p40_50,7072,5,0,0,0.000125,0.000542,4.34
p40_50,10805,5,0,0,0.000125,0.000291,2.33
p40_50,3654,5,0,0,0.000250,0.000458,1.83
p40_50,8449,5,0,0,0.000125,0.001458,11.66
p40_50,12287,5,0,0,0.000250,0.000417,1.67
p40_50,9312,5,0,0,0.000125,0.000375,3.00
p40_50,6888,5,0,0,0.000166,0.000167,1.01
p40_50,16177,5,0,0,0.000250,0.000416,1.66
p40_50,9769,5,0,0,0.000166,0.000334,2.01
p40_50,12318,5,0,0,0.000417,0.000416,1.00
p40_50,7449,5,0,0,0.000375,0.000375,1.00
p40_50,3507,5,0,0,0.000250,0.000417,1.67
p40_50,9634,5,0,0,0.000250,0.000416,1.66
p40_50,26141,5,0,0,0.000125,0.000334,2.67
p40_50,13493,5,0,0,0.000250,0.000375,1.50
p40_50,834,5,0,0,0.000125,0.000416,3.33
p40_50,15668,5,0,0,0.000208,0.000584,2.81
p40_50,253,5,0,0,0.000291,0.000291,1.00
p40_50,13802,5,0,0,0.000167,0.000500,2.99
p40_50,26178,5,0,0,0.000125,0.000542,4.34
p40_50,11426,5,0,0,0.000292,0.000375,1.28
p40_50,15082,5,0,0,0.000125,0.000417,3.34
p40_50,1109,5,0,0,0.000208,0.000291,1.40
p40_50,3059,5,0,0,0.000250,0.000292,1.17
p40_50,3286,5,0,0,0.000125,0.000250,2.00
p40_50,8374,5,0,0,0.000125,0.000209,1.67
p40_50,2075,5,0,0,0.000166,0.000375,2.26
p40_50,10925,5,0,0,0.000208,0.000250,1.20
p40_50,4033,5,0,0,0.000250,0.000500,2.00
p40_50,2001,5,0,0,0.000125,0.000333,2.66
p40_50,10435,5,0,0,0.000250,0.000291,1.16
p40_50,8888,5,0,0,0.000167,0.000417,2.50
p40_50,12860,5,0,0,0.000167,0.000417,2.50
p40_50,16353,5,0,0,0.000250,0.000375,1.50
p40_50,6642,5,0,0,0.000291,0.000417,1.43
p40_50,6530,5,0,0,0.000167,0.000417,2.50
p40_50,2720,5,0,0,0.000333,0.000458,1.38
p40_50,12758,5,0,0,0.000166,0.000375,2.26
p40_50,24699,5,0,0,0.000333,0.000333,1.00
p40_50,25729,5,0,0,0.000458,0.000500,1.09
p40_50,13683,5,0,0,0.000167,0.000250,1.50
p40_50,5227,5,0,0,0.000125,0.000375,3.00
p40_50,12512,5,0,0,0.000125,0.000291,2.33
p40_50,3102,5,0,0,0.000167,0.000250,1.50
p40_50,24578,5,0,0,0.000125,0.000292,2.34
p40_50,23429,5,0,0,0.000208,0.000458,2.20
p40_50,3964,5,0,0,0.000125,0.000375,3.00
p40_50,11792,5,0,0,0.000208,0.000375,1.80
p40_50,778,5,0,0,0.000292,0.000500,1.71
p40_50,9018,5,0,0,0.000166,0.000417,2.51
p40_50,16608,5,0,0,0.000208,0.000416,2.00
p40_50,1248,5,0,0,0.000208,0.000375,1.80
p40_50,11227,5,0,0,0.000250,0.000375,1.50
p40_50,5485,5,0,0,0.000334,0.000417,1.25
p40_50,7247,5,0,0,0.000125,0.000500,4.00
p40_50,10842,5,0,0,0.000208,0.000375,1.80
p40_50,5267,5,0,0,0.000125,0.000583,4.66
p40_50,7523,5,0,0,0.000250,0.000708,2.83
p40_50,15666,5,0,0,0.000125,0.000250,2.00
p40_50,179,5,0,0,0.000375,0.000292,0.78
p40_50,25354,5,0,0,0.000375,0.000458,1.22
p50_60,21032,5,0,0,0.000125,0.000417,3.34
p50_60,17467,5,0,0,0.000167,0.000333,1.99
p50_60,1430,5,0,0,0.000125,0.000292,2.34
p50_60,20952,5,0,0,0.000209,0.000416,1.99
p50_60,2666,5,0,0,0.000250,0.000208,0.83
p50_60,20421,5,0,0,0.000291,0.000292,1.00
p50_60,17800,5,0,0,0.000250,0.000416,1.66
p50_60,115,5,0,0,0.000250,0.000250,1.00
p50_60,1323,5,0,0,0.000291,0.000417,1.43
p50_60,17739,5,0,0,0.000166,0.000250,1.51
p50_60,1092,5,0,0,0.000167,0.000167,1.00
p50_60,22831,5,0,0,0.000166,0.000417,2.51
p50_60,24204,5,0,0,0.000125,0.000500,4.00
p50_60,580,5,0,0,0.000125,0.000166,1.33
p50_60,18037,5,0,0,0.000208,0.000417,2.00
p50_60,21779,5,0,0,0.000125,0.000375,3.00
p50_60,1878,5,0,0,0.000291,0.000333,1.14
p50_60,25528,5,0,0,0.000292,0.000416,1.42
p50_60,2991,5,0,0,0.000292,0.000291,1.00
p50_60,2852,5,0,0,0.000250,0.000292,1.17
p50_60,22721,5,0,0,0.000167,0.000250,1.50
p50_60,4038,5,0,0,0.000375,0.000500,1.33
p50_60,142,5,0,0,0.000167,0.000250,1.50
p50_60,1621,5,0,0,0.000208,0.000375,1.80
p50_60,18745,5,0,0,0.000125,0.000375,3.00
p50_60,3553,5,0,0,0.000250,0.000417,1.67
p50_60,3684,5,0,0,0.000167,0.000500,2.99
p50_60,20089,5,0,0,0.000250,0.000375,1.50
p50_60,2783,5,0,0,0.000208,0.000459,2.21
p50_60,18973,5,0,0,0.000166,0.000250,1.51
p50_60,1985,5,0,0,0.000375,0.000334,0.89
p50_60,2076,5,0,0,0.000250,0.000458,1.83
p50_60,19206,5,0,0,0.000292,0.000417,1.43
p50_60,2984,5,0,0,0.000292,0.000250,0.86
p50_60,22734,5,0,0,0.000125,0.000459,3.67
p50_60,16900,5,0,0,0.000167,0.000250,1.50
p50_60,19207,5,0,0,0.000250,0.000417,1.67
p50_60,1427,5,0,0,0.000333,0.000166,0.50
p50_60,4144,5,0,0,0.000250,0.000292,1.17
p50_60,21613,5,0,0,0.000375,0.000333,0.89
p50_60,1897,5,0,0,0.000333,0.000333,1.00
p50_60,4037,5,0,0,0.000208,0.000459,2.21
p50_60,22730,5,0,0,0.000125,0.000375,3.00
p50_60,2003,5,0,0,0.000375,0.000167,0.45
p50_60,677,5,0,0,0.000167,0.000250,1.50
p50_60,4032,5,0,0,0.000125,0.000250,2.00
p50_60,1405,5,0,0,0.000125,0.000250,2.00
p50_60,4018,5,0,0,0.000500,0.000208,0.42
p50_60,20335,5,0,0,0.000166,0.000292,1.76
p50_60,20547,5,0,0,0.000125,0.000333,2.66
p50_60,18764,5,0,0,0.000125,0.000292,2.34
p50_60,1959,5,0,0,0.000125,0.000333,2.66
p50_60,938,5,0,0,0.000167,0.000292,1.75
p50_60,18091,5,0,0,0.000333,0.000334,1.00
p50_60,22309,5,0,0,0.000250,0.000458,1.83
p50_60,2851,5,0,0,0.000167,0.000208,1.25
p50_60,17125,5,0,0,0.000125,0.000375,3.00
p50_60,2656,5,0,0,0.000125,0.000292,2.34
p50_60,23559,5,0,0,0.000292,0.000416,1.42
p50_60,19724,5,0,0,0.000167,0.000250,1.50
p50_60,19520,5,0,0,0.000125,0.000334,2.67
p50_60,2201,5,0,0,0.000125,0.000292,2.34
p50_60,23464,5,0,0,0.000250,0.000333,1.33
p50_60,21772,5,0,0,0.000125,0.000334,2.67
p50_60,21158,5,0,0,0.000125,0.000250,2.00
p50_60,2298,5,0,0,0.000125,0.000542,4.34
p50_60,1969,5,0,0,0.000125,0.000375,3.00
p50_60,3450,5,0,0,0.000125,0.000292,2.34
p50_60,19956,5,0,0,0.000125,0.000209,1.67
p50_60,19800,5,0,0,0.000458,0.000375,0.82
p50_60,3967,5,0,0,0.000250,0.000417,1.67
p50_60,510,5,0,0,0.000167,0.000250,1.50
p50_60,19440,5,0,0,0.000333,0.000500,1.50
p50_60,22507,5,0,0,0.000125,0.000291,2.33
p50_60,21587,5,0,0,0.000125,0.000334,2.67
p50_60,20702,5,0,0,0.000250,0.000291,1.16
p50_60,3718,5,0,0,0.000166,0.000333,2.01
p50_60,17465,5,0,0,0.000125,0.000209,1.67
p50_60,1838,5,0,0,0.000166,0.000208,1.25
p50_60,2883,5,0,0,0.000250,0.000333,1.33
p50_60,3206,5,0,0,0.000291,0.000292,1.00
p50_60,302,5,0,0,0.000125,0.000333,2.66
p50_60,24454,5,0,0,0.000083,0.000333,4.01
p50_60,2926,5,0,0,0.000167,0.000250,1.50
p50_60,820,5,0,0,0.000250,0.000250,1.00
p50_60,2485,5,0,0,0.000250,0.000250,1.00
p50_60,25116,5,0,0,0.000250,0.000416,1.66
p50_60,21592,5,0,0,0.000125,0.000417,3.34
p50_60,16940,5,0,0,0.000125,0.000375,3.00
p50_60,18158,5,0,0,0.000250,0.000292,1.17
p50_60,20519,5,0,0,0.000125,0.000375,3.00
p50_60,3965,5,0,0,0.000167,0.000250,1.50
p50_60,25718,5,0,0,0.000375,0.000250,0.67
p50_60,20543,5,0,0,0.000250,0.000209,0.84
p50_60,3449,5,0,0,0.000125,0.000208,1.66
p50_60,3511,5,0,0,0.000125,0.000208,1.66
p50_60,26130,5,0,0,0.000125,0.000459,3.67
p50_60,23092,5,0,0,0.000250,0.001500,6.00
p50_60,21705,5,0,0,0.000542,0.000250,0.46
p50_60,4380,5,0,0,0.000166,0.000208,1.25
p60_70,12260,5,0,0,0.000250,0.000292,1.17
p60_70,15973,5,0,0,0.000250,0.000250,1.00
p60_70,7511,5,0,0,0.000167,0.000334,2.00
p60_70,14550,5,0,0,0.000167,0.000417,2.50
p60_70,9194,5,0,0,0.000333,0.000333,1.00
p60_70,10824,5,0,0,0.000250,0.000416,1.66
p60_70,5446,5,0,0,0.000166,0.000375,2.26
p60_70,17563,5,0,0,0.000208,0.000333,1.60
p60_70,4641,5,0,0,0.000125,0.000292,2.34
p60_70,9392,5,0,0,0.000125,0.000208,1.66
p60_70,13971,5,0,0,0.000125,0.000333,2.66
p60_70,15899,5,0,0,0.000292,0.000417,1.43
p60_70,6031,5,0,0,0.000291,0.000250,0.86
p60_70,16835,5,0,0,0.000250,0.000375,1.50
p60_70,12691,5,0,0,0.000250,0.000250,1.00
p60_70,16545,5,0,0,0.000125,0.000250,2.00
p60_70,8629,5,0,0,0.000208,0.000291,1.40
p60_70,12193,5,0,0,0.000167,0.000292,1.75
p60_70,8457,5,0,0,0.000125,0.000333,2.66
p60_70,12679,5,0,0,0.000125,0.000167,1.34
p60_70,15657,5,0,0,0.000125,0.000250,2.00
p60_70,5830,5,0,0,0.000167,0.000291,1.74
p60_70,13651,5,0,0,0.000250,0.000208,0.83
p60_70,16235,5,0,0,0.000125,0.000292,2.34
p60_70,8301,5,0,0,0.000125,0.000542,4.34
p60_70,10822,5,0,0,0.000166,0.000167,1.01
p60_70,8442,5,0,0,0.000167,0.000208,1.25
p60_70,12703,5,0,0,0.000375,0.000292,0.78
p60_70,9518,5,0,0,0.000333,0.000334,1.00
p60_70,8530,5,0,0,0.000458,0.000208,0.45
p60_70,9485,5,0,0,0.000167,0.000333,1.99
p60_70,13334,5,0,0,0.000250,0.000250,1.00
p60_70,8219,5,0,0,0.000125,0.000167,1.34
p60_70,11410,5,0,0,0.000334,0.000208,0.62
p60_70,5839,5,0,0,0.000167,0.000292,1.75
p60_70,6908,5,0,0,0.000125,0.000250,2.00
p60_70,9717,5,0,0,0.000166,0.000292,1.76
p60_70,17291,5,0,0,0.000167,0.000166,0.99
p60_70,16802,5,0,0,0.000166,0.000292,1.76
p60_70,17464,5,0,0,0.000167,0.000167,1.00
p60_70,12797,5,0,0,0.000208,0.000291,1.40
p60_70,14324,5,0,0,0.000333,0.000292,0.88
p60_70,16266,5,0,0,0.000166,0.000417,2.51
p60_70,6737,5,0,0,0.000125,0.000500,4.00
p60_70,12112,5,0,0,0.000167,0.000250,1.50
p60_70,11612,5,0,0,0.000458,0.000542,1.18
p60_70,8352,5,0,0,0.000208,0.000250,1.20
p60_70,9504,5,0,0,0.000167,0.000375,2.25
p60_70,11285,5,0,0,0.000208,0.000166,0.80
p60_70,15409,5,0,0,0.000167,0.000458,2.74
p60_70,4635,5,0,0,0.000125,0.000417,3.34
p60_70,8387,5,0,0,0.000167,0.000458,2.74
p60_70,8150,5,0,0,0.000250,0.000458,1.83
p60_70,7095,5,0,0,0.000333,0.000292,0.88
p60_70,9863,5,0,0,0.000125,0.000208,1.66
p60_70,14628,5,0,0,0.000208,0.000167,0.80
p60_70,11638,5,0,0,0.000125,0.000375,3.00
p60_70,12043,5,0,0,0.000209,0.000291,1.39
p60_70,12616,5,0,0,0.000125,0.000292,2.34
p60_70,8513,5,0,0,0.000167,0.000250,1.50
p60_70,10388,5,0,0,0.000375,0.000375,1.00
p60_70,9980,5,0,0,0.000167,0.000333,1.99
p60_70,17294,5,0,0,0.000125,0.000292,2.34
p60_70,12763,5,0,0,0.000208,0.000291,1.40
p60_70,7109,5,0,0,0.000125,0.000292,2.34
p60_70,10825,5,0,0,0.000250,0.000250,1.00
p60_70,10438,5,0,0,0.000125,0.000166,1.33
p60_70,14868,5,0,0,0.000125,0.000334,2.67
p60_70,14894,5,0,0,0.000375,0.000250,0.67
p60_70,14170,5,0,0,0.000250,0.000375,1.50
p60_70,6513,5,0,0,0.000208,0.000333,1.60
p60_70,12639,5,0,0,0.000125,0.000166,1.33
p60_70,5444,5,0,0,0.000167,0.000292,1.75
p60_70,8118,5,0,0,0.000375,0.000500,1.33
p60_70,10880,5,0,0,0.000125,0.000209,1.67
p60_70,17235,5,0,0,0.000291,0.000375,1.29
p60_70,12307,5,0,0,0.000292,0.000500,1.71
p60_70,12122,5,0,0,0.000125,0.000333,2.66
p60_70,8704,5,0,0,0.000125,0.000333,2.66
p60_70,5481,5,0,0,0.000167,0.001584,9.49
p60_70,15247,5,0,0,0.000125,0.000291,2.33
p60_70,14325,5,0,0,0.000125,0.000167,1.34
p60_70,7579,5,0,0,0.000167,0.000333,1.99
p60_70,12743,5,0,0,0.000291,0.000292,1.00
p60_70,17126,5,0,0,0.000500,0.000208,0.42
p60_70,7386,5,0,0,0.000125,0.000375,3.00
p60_70,15161,5,0,0,0.000250,0.000208,0.83
p60_70,7014,5,0,0,0.000125,0.000375,3.00
p60_70,6170,5,0,0,0.000291,0.000292,1.00
p60_70,4826,5,0,0,0.000291,0.000333,1.14
p60_70,5087,5,0,0,0.000125,0.000291,2.33
p60_70,7632,5,0,0,0.000167,0.000459,2.75
p60_70,10445,5,0,0,0.000334,0.000375,1.12
p60_70,12071,5,0,0,0.000125,0.000333,2.66
p60_70,14543,5,0,0,0.000125,0.000375,3.00
p60_70,5268,5,0,0,0.000125,0.000292,2.34
p60_70,10178,5,0,0,0.000125,0.000250,2.00
p60_70,9631,5,0,0,0.000166,0.000500,3.01
p60_70,12290,5,0,0,0.000250,0.000208,0.83
p60_70,11626,5,0,0,0.000125,0.000333,2.66
p70_80,21635,5,0,0,0.000167,0.000209,1.25
p70_80,294,5,0,0,0.000125,0.000291,2.33
p70_80,2803,5,0,0,0.000292,0.000250,0.86
p70_80,734,5,0,0,0.000250,0.000334,1.34
p70_80,22848,5,0,0,0.000292,0.000291,1.00
p70_80,20779,5,0,0,0.000208,0.000459,2.21
p70_80,17729,5,0,0,0.000291,0.000208,0.71
p70_80,20106,5,0,0,0.000167,0.000333,1.99
p70_80,1347,5,0,0,0.000208,0.000167,0.80
p70_80,22394,5,0,0,0.000125,0.000416,3.33
p70_80,21333,5,0,0,0.000167,0.000292,1.75
p70_80,2203,5,0,0,0.000125,0.000334,2.67
p70_80,18746,5,0,0,0.000167,0.000166,0.99
p70_80,23950,5,0,0,0.000209,0.000375,1.79
p70_80,20319,5,0,0,0.000291,0.000250,0.86
p70_80,2120,5,0,0,0.000125,0.000250,2.00
p70_80,1346,5,0,0,0.000125,0.000167,1.34
p70_80,19011,5,0,0,0.000334,0.000291,0.87
p70_80,22599,5,0,0,0.000250,0.000458,1.83
p70_80,19184,5,0,0,0.000167,0.000375,2.25
p70_80,735,5,0,0,0.000250,0.000209,0.84
p70_80,22696,5,0,0,0.000125,0.000166,1.33
p70_80,25599,5,0,0,0.000208,0.000334,1.61
p70_80,23490,5,0,0,0.000167,0.000208,1.25
p70_80,23968,5,0,0,0.000167,0.000375,2.25
p70_80,24463,5,0,0,0.000209,0.000208,1.00
p70_80,20953,5,0,0,0.000125,0.000167,1.34
p70_80,2356,5,0,0,0.000250,0.000250,1.00
p70_80,123,5,0,0,0.000166,0.000250,1.51
p70_80,1862,5,0,0,0.000250,0.000208,0.83
p70_80,22436,5,0,0,0.000166,0.000417,2.51
p70_80,24944,5,0,0,0.000167,0.000333,1.99
p70_80,864,5,0,0,0.000166,0.000375,2.26
p70_80,26067,5,0,0,0.000167,0.000250,1.50
p70_80,2561,5,0,0,0.000125,0.000167,1.34
p70_80,23137,5,0,0,0.000250,0.000291,1.16
p70_80,22239,5,0,0,0.000125,0.000333,2.66
p70_80,1075,5,0,0,0.000166,0.000584,3.52
p70_80,2059,5,0,0,0.000166,0.000375,2.26
p70_80,23786,5,0,0,0.000458,0.000291,0.64
p70_80,22503,5,0,0,0.000167,0.000209,1.25
p70_80,1915,5,0,0,0.000209,0.000167,0.80
p70_80,19507,5,0,0,0.000292,0.000292,1.00
p70_80,71,5,0,0,0.000250,0.000209,0.84
p70_80,1551,5,0,0,0.000167,0.000209,1.25
p70_80,22765,5,0,0,0.000292,0.000375,1.28
p70_80,22530,5,0,0,0.000208,0.000292,1.40
p70_80,20434,5,0,0,0.000166,0.000333,2.01
p70_80,98,5,0,0,0.000167,0.000417,2.50
p70_80,20309,5,0,0,0.000250,0.000167,0.67
p70_80,1187,5,0,0,0.000334,0.000250,0.75
p70_80,25251,5,0,0,0.000125,0.000292,2.34
p70_80,20553,5,0,0,0.000333,0.000250,0.75
p70_80,284,5,0,0,0.000375,0.000250,0.67
p70_80,375,5,0,0,0.000292,0.000167,0.57
p70_80,23387,5,0,0,0.000167,0.000375,2.25
p70_80,22832,5,0,0,0.000209,0.000167,0.80
p70_80,25138,5,0,0,0.000125,0.000250,2.00
p70_80,20253,5,0,0,0.000166,0.000208,1.25
p70_80,20538,5,0,0,0.000292,0.000208,0.71
p70_80,22404,5,0,0,0.000416,0.000292,0.70
p70_80,18580,5,0,0,0.000208,0.000208,1.00
p70_80,26021,5,0,0,0.000167,0.000292,1.75
p70_80,20616,5,0,0,0.000375,0.000292,0.78
p70_80,20229,5,0,0,0.000291,0.000416,1.43
p70_80,20537,5,0,0,0.000166,0.000125,0.75
p70_80,21167,5,0,0,0.000250,0.000333,1.33
p70_80,20954,5,0,0,0.000375,0.000250,0.67
p70_80,23757,5,0,0,0.000250,0.000417,1.67
p70_80,18596,5,0,0,0.000292,0.000292,1.00
p70_80,19219,5,0,0,0.000250,0.000375,1.50
p70_80,19464,5,0,0,0.000167,0.000250,1.50
p70_80,20215,5,0,0,0.000208,0.000292,1.40
p70_80,21596,5,0,0,0.000167,0.000500,2.99
p70_80,25877,5,0,0,0.000167,0.000250,1.50
p70_80,19466,5,0,0,0.000167,0.000292,1.75
p70_80,25977,5,0,0,0.000208,0.000458,2.20
p70_80,3074,5,0,0,0.000209,0.000125,0.60
p70_80,18383,5,0,0,0.000166,0.000292,1.76
p70_80,22048,5,0,0,0.000125,0.000334,2.67
p70_80,21814,5,0,0,0.000166,0.000459,2.77
p70_80,21154,5,0,0,0.000209,0.000416,1.99
p70_80,23758,5,0,0,0.000166,0.000292,1.76
p70_80,22720,5,0,0,0.000167,0.000333,1.99
p70_80,1561,5,0,0,0.000250,0.000375,1.50
p70_80,18338,5,0,0,0.000208,0.000292,1.40
p70_80,20008,5,0,0,0.000125,0.000250,2.00
p70_80,1105,5,0,0,0.000250,0.000125,0.50
p70_80,22109,5,0,0,0.000167,0.000250,1.50
p70_80,3186,5,0,0,0.000292,0.000292,1.00
p70_80,315,5,0,0,0.000291,0.000250,0.86
p70_80,24250,5,0,0,0.000250,0.000375,1.50
p70_80,25891,5,0,0,0.000125,0.000208,1.66
p70_80,17854,5,0,0,0.000125,0.000458,3.66
p70_80,254,5,0,0,0.000208,0.000167,0.80
p70_80,24163,5,0,0,0.000334,0.000250,0.75
p70_80,21563,5,0,0,0.000250,0.000541,2.16
p70_80,22791,5,0,0,0.000167,0.000250,1.50
p70_80,17599,5,0,0,0.000125,0.000333,2.66
p70_80,3067,5,0,0,0.000125,0.000125,1.00
p80_90,9895,5,0,0,0.000125,0.000125,1.00
p80_90,11971,5,0,0,0.000333,0.000250,0.75
p80_90,12798,5,0,0,0.000208,0.000250,1.20
p80_90,8302,5,0,0,0.000250,0.000166,0.66
p80_90,14664,5,0,0,0.000292,0.000250,0.86
p80_90,8299,5,0,0,0.000209,0.001375,6.58
p80_90,9133,5,0,0,0.000125,0.000166,1.33
p80_90,13321,5,0,0,0.000625,0.000292,0.47
p80_90,14619,5,0,0,0.000167,0.000458,2.74
p80_90,3946,5,0,0,0.000375,0.000125,0.33
p80_90,11968,5,0,0,0.000167,0.000208,1.25
p80_90,10763,5,0,0,0.000333,0.000417,1.25
p80_90,12473,5,0,0,0.000417,0.000250,0.60
p80_90,11579,5,0,0,0.000167,0.000417,2.50
p80_90,5231,5,0,0,0.000292,0.000292,1.00
p80_90,12852,5,0,0,0.000208,0.000125,0.60
p80_90,8504,5,0,0,0.000250,0.000250,1.00
p80_90,13815,5,0,0,0.000125,0.000333,2.66
p80_90,4625,5,0,0,0.000167,0.000333,1.99
p80_90,14763,5,0,0,0.000333,0.000167,0.50
p80_90,10158,5,0,0,0.000292,0.000166,0.57
p80_90,9039,5,0,0,0.000167,0.000167,1.00
p80_90,3532,5,0,0,0.000250,0.000250,1.00
p80_90,13675,5,0,0,0.000250,0.000166,0.66
p80_90,7647,5,0,0,0.000333,0.000250,0.75
p80_90,9890,5,0,0,0.000125,0.000250,2.00
p80_90,9337,5,0,0,0.000333,0.000292,0.88
p80_90,10559,5,0,0,0.000334,0.000250,0.75
p80_90,14711,5,0,0,0.000417,0.000375,0.90
p80_90,4181,5,0,0,0.000166,0.000291,1.75
p80_90,10433,5,0,0,0.000333,0.000292,0.88
p80_90,8179,5,0,0,0.000416,0.000292,0.70
p80_90,4643,5,0,0,0.000291,0.000250,0.86
p80_90,13202,5,0,0,0.000292,0.000292,1.00
p80_90,8452,5,0,0,0.000250,0.000500,2.00
p80_90,5387,5,0,0,0.000334,0.000209,0.63
p80_90,3851,5,0,0,0.000166,0.000209,1.26
p80_90,6161,5,0,0,0.000250,0.000208,0.83
p80_90,7588,5,0,0,0.000166,0.000125,0.75
p80_90,6832,5,0,0,0.000208,0.000291,1.40
p80_90,5545,5,0,0,0.000250,0.000334,1.34
p80_90,8400,5,0,0,0.000333,0.000125,0.38
p80_90,14182,5,0,0,0.000166,0.000125,0.75
p80_90,6919,5,0,0,0.000292,0.000250,0.86
p80_90,11892,5,0,0,0.000209,0.000125,0.60
p80_90,13413,5,0,0,0.000167,0.000250,1.50
p80_90,14338,5,0,0,0.000209,0.000125,0.60
p80_90,6354,5,0,0,0.000167,0.000166,0.99
p80_90,11842,5,0,0,0.000292,0.000125,0.43
p80_90,12704,5,0,0,0.000250,0.000166,0.66
p80_90,8146,5,0,0,0.000292,0.000125,0.43
p80_90,6072,5,0,0,0.000291,0.000250,0.86
p80_90,12749,5,0,0,0.000167,0.000333,1.99
p80_90,4128,5,0,0,0.000417,0.000333,0.80
p80_90,8534,5,0,0,0.000166,0.000292,1.76
p80_90,3383,5,0,0,0.000291,0.000125,0.43
p80_90,11828,5,0,0,0.000333,0.000292,0.88
p80_90,9094,5,0,0,0.000208,0.000291,1.40
p80_90,3853,5,0,0,0.000333,0.000209,0.63
p80_90,7103,5,0,0,0.000167,0.000250,1.50
p80_90,5661,5,0,0,0.000250,0.000125,0.50
p80_90,10478,5,0,0,0.000209,0.000250,1.20
p80_90,4027,5,0,0,0.000291,0.000250,0.86
p80_90,15206,5,0,0,0.000250,0.000167,0.67
p80_90,10497,5,0,0,0.000250,0.000167,0.67
p80_90,3819,5,0,0,0.000208,0.000416,2.00
p80_90,11865,5,0,0,0.000250,0.000250,1.00
p80_90,3631,5,0,0,0.000167,0.000209,1.25
p80_90,5853,5,0,0,0.000208,0.000250,1.20
p80_90,5466,5,0,0,0.000250,0.000291,1.16
p80_90,15200,5,0,0,0.000292,0.000334,1.14
p80_90,3431,5,0,0,0.000250,0.000167,0.67
p80_90,14771,5,0,0,0.000250,0.000292,1.17
p80_90,5060,5,0,0,0.000417,0.000291,0.70
p80_90,5814,5,0,0,0.000167,0.000167,1.00
p80_90,4576,5,0,0,0.000250,0.000208,0.83
p80_90,8553,5,0,0,0.000167,0.000167,1.00
p80_90,10638,5,0,0,0.000291,0.000166,0.57
p80_90,4383,5,0,0,0.000166,0.000292,1.76
p80_90,15172,5,0,0,0.000292,0.000166,0.57
p80_90,5577,5,0,0,0.000209,0.000167,0.80
p80_90,8476,5,0,0,0.000292,0.000166,0.57
p80_90,11196,5,0,0,0.000250,0.000209,0.84
p80_90,6079,5,0,0,0.000334,0.000166,0.50
p80_90,11911,5,0,0,0.000167,0.000167,1.00
p80_90,7483,5,0,0,0.000292,0.000250,0.86
p80_90,5241,5,0,0,0.000166,0.000250,1.51
p80_90,9986,5,0,0,0.000375,0.000292,0.78
p80_90,12971,5,0,0,0.000167,0.000166,0.99
p80_90,11822,5,0,0,0.000166,0.000292,1.76
p80_90,11467,5,0,0,0.000125,0.000208,1.66
p80_90,13320,5,0,0,0.000375,0.000167,0.45
p80_90,15150,5,0,0,0.000166,0.000250,1.51
p80_90,12641,5,0,0,0.000125,0.000250,2.00
p80_90,5137,5,0,0,0.000167,0.000208,1.25
p80_90,6702,5,0,0,0.000167,0.000250,1.50
p80_90,4365,5,0,0,0.000167,0.000125,0.75
p80_90,9595,5,0,0,0.000250,0.000208,0.83
p80_90,14562,5,0,0,0.000250,0.000209,0.84
p80_90,12751,5,0,0,0.000250,0.000208,0.83
p90_100,22993,5,0,0,0.000209,0.000291,1.39
p90_100,23420,5,0,0,0.000417,0.000250,0.60
p90_100,18784,5,0,0,0.000292,0.000250,0.86
p90_100,16643,5,0,0,0.000166,0.000167,1.01
p90_100,19575,5,0,0,0.000125,0.000125,1.00
p90_100,17173,5,0,0,0.000209,0.000250,1.20
p90_100,21029,5,0,0,0.000167,0.000167,1.00
p90_100,17463,5,0,0,0.000167,0.000166,0.99
p90_100,15961,5,0,0,0.000209,0.000250,1.20
p90_100,22199,5,0,0,0.000208,0.000167,0.80
p90_100,24114,5,0,0,0.000167,0.000250,1.50
p90_100,22900,5,0,0,0.000167,0.000250,1.50
p90_100,16484,5,0,0,0.000167,0.000250,1.50
p90_100,22023,5,0,0,0.000291,0.000333,1.14
p90_100,15306,5,0,0,0.000125,0.000334,2.67
p90_100,23944,5,0,0,0.000292,0.000291,1.00
p90_100,19060,5,0,0,0.000125,0.000292,2.34
p90_100,23727,5,0,0,0.000125,0.000208,1.66
p90_100,19581,5,0,0,0.000125,0.000334,2.67
p90_100,16107,5,0,0,0.000125,0.000291,2.33
p90_100,19131,5,0,0,0.000166,0.000250,1.51
p90_100,25443,5,0,0,0.000125,0.000167,1.34
p90_100,18455,5,0,0,0.000250,0.000250,1.00
p90_100,21390,5,0,0,0.000167,0.000167,1.00
p90_100,24504,5,0,0,0.000209,0.000333,1.59
p90_100,23772,5,0,0,0.000167,0.000250,1.50
p90_100,19356,5,0,0,0.000166,0.000125,0.75
p90_100,22325,5,0,0,0.000166,0.000125,0.75
p90_100,16644,5,0,0,0.000167,0.000125,0.75
p90_100,19145,5,0,0,0.000208,0.000209,1.00
p90_100,16891,5,0,0,0.000208,0.000125,0.60
p90_100,22771,5,0,0,0.000333,0.000209,0.63
p90_100,20035,5,0,0,0.000167,0.000250,1.50
p90_100,21593,5,0,0,0.000167,0.000166,0.99
p90_100,17848,5,0,0,0.000208,0.000167,0.80
p90_100,21191,5,0,0,0.000250,0.000375,1.50
p90_100,23621,5,0,0,0.000167,0.000250,1.50
p90_100,25062,5,0,0,0.000208,0.000208,1.00
p90_100,20255,5,0,0,0.000125,0.000167,1.34
p90_100,23264,5,0,0,0.000375,0.000250,0.67
p90_100,19569,5,0,0,0.000167,0.000167,1.00
p90_100,19434,5,0,0,0.000166,0.000250,1.51
p90_100,19149,5,0,0,0.000167,0.000125,0.75
p90_100,23759,5,0,0,0.000292,0.000125,0.43
p90_100,22770,5,0,0,0.000167,0.000125,0.75
p90_100,20959,5,0,0,0.000291,0.000167,0.57
p90_100,17827,5,0,0,0.000167,0.000250,1.50
p90_100,18183,5,0,0,0.000209,0.000292,1.40
p90_100,24002,5,0,0,0.000167,0.000166,0.99
p90_100,17471,5,0,0,0.000208,0.000250,1.20
p90_100,23776,5,0,0,0.000167,0.000167,1.00
p90_100,15972,5,0,0,0.000167,0.000167,1.00
p90_100,17882,5,0,0,0.000166,0.000334,2.01
p90_100,24462,5,0,0,0.000333,0.000166,0.50
p90_100,19244,5,0,0,0.000167,0.000209,1.25
p90_100,17470,5,0,0,0.000250,0.000166,0.66
p90_100,26191,5,0,0,0.000250,0.000250,1.00
p90_100,19380,5,0,0,0.000333,0.000209,0.63
p90_100,20668,5,0,0,0.000250,0.000125,0.50
p90_100,21157,5,0,0,0.000250,0.000209,0.84
p90_100,21809,5,0,0,0.000167,0.000250,1.50
p90_100,18597,5,0,0,0.002375,0.000167,0.07
p90_100,18275,5,0,0,0.000458,0.000250,0.55
p90_100,15418,5,0,0,0.000333,0.000333,1.00
p90_100,19712,5,0,0,0.000167,0.000334,2.00
p90_100,23989,5,0,0,0.000167,0.000250,1.50
p90_100,18189,5,0,0,0.000250,0.000291,1.16
p90_100,16945,5,0,0,0.000166,0.000167,1.01
p90_100,19578,5,0,0,0.000208,0.000125,0.60
p90_100,17191,5,0,0,0.000167,0.000292,1.75
p90_100,18399,5,0,0,0.000208,0.000208,1.00
p90_100,23462,5,0,0,0.000209,0.000167,0.80
p90_100,17589,5,0,0,0.000208,0.000375,1.80
p90_100,18340,5,0,0,0.000125,0.000167,1.34
p90_100,17924,5,0,0,0.000292,0.000250,0.86
p90_100,21017,5,0,0,0.000208,0.000166,0.80
p90_100,22283,5,0,0,0.000208,0.000125,0.60
p90_100,17865,5,0,0,0.000500,0.000209,0.42
p90_100,20528,5,0,0,0.000125,0.000166,1.33
p90_100,15259,5,0,0,0.000166,0.000167,1.01
p90_100,19997,5,0,0,0.000250,0.000125,0.50
p90_100,17017,5,0,0,0.000209,0.000416,1.99
p90_100,15962,5,0,0,0.000125,0.000208,1.66
p90_100,25975,5,0,0,0.000167,0.000375,2.25
p90_100,22435,5,0,0,0.000291,0.000167,0.57
p90_100,18946,5,0,0,0.000208,0.000125,0.60
p90_100,25852,5,0,0,0.000167,0.000250,1.50
p90_100,24214,5,0,0,0.000334,0.000166,0.50
p90_100,23135,5,0,0,0.000166,0.000167,1.01
p90_100,24129,5,0,0,0.000166,0.000250,1.51
p90_100,22149,5,0,0,0.000375,0.000291,0.78
p90_100,19495,5,0,0,0.000166,0.000334,2.01
p90_100,21554,5,0,0,0.000167,0.000250,1.50
p90_100,22378,5,0,0,0.000291,0.000250,0.86
p90_100,19596,5,0,0,0.000250,0.000125,0.50
p90_100,19234,5,0,0,0.000166,0.000125,0.75
p90_100,23419,5,0,0,0.000167,0.000125,0.75
p90_100,15374,5,0,0,0.000209,0.000166,0.79
p90_100,16014,5,0,0,0.000167,0.000167,1.00
p90_100,17986,5,0,0,0.000167,0.000167,1.00
